‹æ,ˆÜ“x,Œo“x,ƒXƒ^ƒ“ƒv
–k‹æ,34.70755633,135.5098732,Kita.png
“s“‡‹æ,34.7017617,135.5279794,Miyakojima.png
•Ÿ“‡‹æ,34.69271467,135.4720704,Fukushima.png
Ÿ‰Ô‹æ,34.68349451,135.452238,Konohana.png
’†‰›‹æ,34.68176445,135.5099173,Chuo.png
¼‹æ,34.67630586,135.4860176,Nishi.png
`‹æ,34.66430229,135.4605301,Minato.png
‘å³‹æ,34.65068586,135.4728654,Taisho.png
“V‰¤›‹æ,34.65798868,135.5194,Tennoji.png
˜Q‘¬‹æ,34.65993556,135.4996399,Naniwa.png
¼—„ì‹æ,34.71196395,135.4562656,Nishiyodogawa.png
—„ì‹æ,34.72150679,135.4864756,Yodogawa.png
“Œ—„ì‹æ,34.7416121,135.5293562,Higashiyodogawa.png
“Œ¬‹æ,34.67020401,135.5412383,Higashinari.png
¶–ì‹æ,34.65401516,135.534148,Ikuno.png
ˆ®‹æ,34.72164886,135.5442102,Asahi.png
é“Œ‹æ,34.70364875,135.5447259,Joto.png
’ßŒ©‹æ,34.70487002,135.5740595,Tsurumi.png
ˆ¢”{–ì‹æ,34.63909527,135.5186558,Abeno.png
Z”V]‹æ,34.61001749,135.4826898,Suminoe.png
Z‹g‹æ,34.60419733,135.5004995,Sumiyoshi.png
“ŒZ‹g‹æ,34.62256156,135.526674,Higashisumiyoshi.png
•½–ì‹æ,34.62216386,135.5461714,Hirano.png
¼¬‹æ,34.63518524,135.4943955,Nishinari.png
